idade,renda_mensal,patrimonio,historico_credito,tempo_emprego,dividas,dependentes,tem_imovel,tem_investimentos,score_credito,risco
56,15888,359768,2,16,16835,0,0,0,671,1
69,7069,157364,1,38,27798,4,1,1,785,1
46,5800,373929,0,8,26113,1,0,1,993,1
32,7769,348350,1,34,19477,5,1,1,324,2
60,5318,69274,3,12,17266,1,1,0,455,2
25,13515,133541,1,14,20792,0,1,0,816,1
38,13734,53947,1,17,20452,5,1,0,931,1
56,19790,153606,0,32,43526,4,1,0,829,1
36,7754,194692,3,5,49079,1,1,0,356,1
40,18644,48874,2,26,41334,4,0,0,904,1
28,25714,49708,2,22,11889,5,0,1,318,2
28,8850,74553,0,26,24335,5,1,0,683,2
41,16683,68344,1,33,11254,1,0,0,492,2
70,7738,311282,0,37,21074,4,1,1,536,2
53,7590,185374,0,13,11442,2,0,0,686,2
57,13137,47638,0,35,46289,4,1,1,725,1
41,23915,78249,1,7,37327,5,0,1,576,2
20,25571,368009,3,34,16199,4,1,0,526,1
39,26975,2719,0,18,7291,0,0,1,851,1
70,14147,153962,1,29,40928,2,1,1,622,1
19,29023,470452,3,13,112,3,0,1,452,1
41,11411,429725,0,19,21515,0,1,1,938,0
61,9972,42534,2,24,19581,3,1,0,536,2
47,29342,495518,3,39,48692,1,1,1,354,0
55,19771,92241,0,23,26500,3,0,0,735,2
19,4766,412003,3,13,32026,4,0,1,983,1
38,2166,126209,3,25,16523,3,0,1,408,1
50,5688,442061,3,37,1424,5,1,1,483,1
29,18555,189004,3,22,19552,0,0,0,667,1
39,11661,92124,3,21,10808,0,1,0,497,1
61,24661,91659,3,18,38811,3,0,0,670,2
42,12814,164134,0,2,6989,0,0,1,672,1
66,25454,75713,2,18,23620,5,0,1,796,1
44,25840,218335,1,8,39029,0,0,1,898,0
59,23008,488972,3,27,887,3,1,1,500,0
45,23469,453677,1,19,31802,2,0,0,808,1
33,14391,75418,0,6,19488,2,0,1,621,2
32,6277,459888,3,13,30013,1,1,0,574,1
64,5400,128232,2,8,49201,0,1,1,510,1
68,24561,428048,1,18,16402,3,0,0,803,1
61,15216,163038,3,13,21205,0,0,0,417,1
72,8481,465761,0,37,26049,4,1,1,853,1
69,7876,406203,2,35,12253,5,1,1,341,1
74,18407,168383,1,39,18990,0,1,0,614,1
20,20277,293719,1,16,7846,0,0,1,628,1
54,29193,325996,3,29,25027,2,0,1,316,0
68,20477,258722,2,8,39200,5,0,0,582,1
24,11660,132079,2,32,46220,3,1,0,557,1
38,27829,202053,2,24,46163,0,1,0,874,0
26,15624,76242,2,13,3765,2,1,0,873,0
56,17782,178589,0,10,15950,1,0,1,911,0
35,25124,29257,2,34,45270,5,1,0,318,1
21,24821,480488,1,13,9741,2,0,0,828,1
42,11988,435423,1,29,22742,2,1,0,722,0
31,24074,144353,0,3,24703,2,0,1,765,1
67,6740,323390,1,3,38709,0,0,0,672,2
26,11953,263579,1,27,37623,0,1,1,380,1
43,11978,229947,2,7,22931,1,0,0,850,0
70,24377,231758,1,1,23580,4,1,0,847,1
19,13894,91357,0,21,15166,4,0,1,723,2
37,20762,157732,2,15,29240,4,1,0,728,0
45,22027,398300,3,28,25991,5,1,0,687,1
64,21528,475413,2,29,38556,5,0,1,969,0
24,5932,406723,0,11,32969,1,1,0,503,2
61,15068,203667,2,34,10561,5,0,0,495,1
25,28131,83807,2,10,16901,4,1,0,584,2
64,15678,438755,0,20,40505,4,1,0,495,2
52,19160,378097,2,20,30020,2,1,1,606,0
31,23695,138563,0,4,25917,5,1,0,963,1
34,28842,258778,0,19,1988,0,0,1,313,1
53,1802,181264,3,36,48209,0,1,0,445,1
67,18522,473611,1,2,44505,2,1,1,356,1
57,1555,385941,1,32,14256,2,0,0,509,2
21,14513,326032,2,8,22192,2,0,1,828,0
19,10217,73609,2,8,28230,0,0,0,643,2
23,9650,271221,3,3,39930,4,0,1,910,1
71,3625,248512,3,34,45833,2,0,1,578,1
59,12979,253973,3,16,22625,1,0,0,508,1
21,17245,283097,0,33,32088,2,1,1,940,0
71,18248,470135,3,23,14114,3,0,0,634,1
46,8309,376826,3,31,41167,2,1,0,587,0
35,6121,330033,2,0,38401,0,0,0,551,2
43,16534,154893,3,7,5755,5,1,0,564,0
61,15123,430783,0,22,10825,2,1,0,570,1
51,6626,115374,0,39,22693,5,1,1,999,1
27,6622,24860,2,11,4117,3,0,0,718,2
53,19530,152267,3,11,24729,1,0,0,510,1
31,18802,77475,3,14,32182,5,0,0,664,2
48,20681,484090,0,18,28890,4,0,0,375,2
65,24390,349410,3,25,29340,2,1,0,959,0
32,7370,152499,3,28,1518,3,0,0,620,1
25,3031,362876,3,21,30949,3,1,1,732,1
31,9672,289227,1,39,22547,5,1,1,408,1
40,21229,218118,2,20,16346,1,0,0,940,0
74,9173,319516,1,37,2600,0,0,1,821,0
57,24833,123786,2,19,46005,2,0,0,346,1
38,8382,437280,0,28,29267,3,1,0,678,1
33,3406,7813,3,3,36322,1,0,0,395,2
62,4586,31598,2,6,26990,4,1,0,402,2
35,15003,257951,1,27,16193,3,0,0,445,2
64,9652,93106,3,27,30109,1,1,1,326,1
70,7250,289226,0,3,19233,0,0,1,829,2
41,14272,291385,2,21,48021,0,0,1,978,0
43,11767,227286,2,11,16194,3,1,1,381,0
42,26789,437785,2,2,34510,3,0,0,727,1
62,2562,11745,3,21,1306,5,0,1,883,1
58,19860,288173,1,1,3849,2,0,0,778,1
46,19180,144097,1,23,12360,1,0,1,461,1
32,7729,232732,2,33,45536,3,0,1,701,1
62,25525,385539,0,26,29231,2,0,1,807,1
18,18009,145360,0,0,45800,5,0,1,337,2
42,16647,89186,1,7,36963,2,1,0,810,1
24,6132,399756,0,22,18689,3,1,1,692,2
26,7788,359912,1,37,29084,0,0,1,793,1
41,5096,213030,2,5,40387,1,0,0,499,2
18,12975,199950,1,21,9280,1,0,0,554,1
61,7668,41846,1,24,2642,0,1,1,478,2
25,11295,494364,2,17,42137,3,1,0,846,0
41,9061,338076,0,16,14296,1,0,0,893,1
28,9758,148554,1,11,15438,3,1,0,688,2
68,18116,285555,1,5,48442,5,0,1,697,2
34,28232,444191,2,25,37525,3,0,0,457,1
25,27245,453761,0,26,2994,2,0,1,303,1
52,28234,340941,1,7,47994,0,0,1,466,1
52,7871,314451,2,18,34039,3,1,1,767,0
50,22090,396309,1,0,1813,5,1,1,708,0
22,27569,470474,3,28,27491,4,0,0,711,1
59,15869,284186,2,34,18845,0,1,1,503,0
56,14410,52930,0,39,41243,1,1,0,493,2
58,9443,248656,0,13,37164,2,0,1,534,1
45,13699,437629,0,34,42051,1,1,0,449,1
24,17228,244459,0,19,13318,5,0,1,458,2
26,24775,224695,1,12,17200,5,0,0,578,2
25,8238,360027,1,37,82,1,0,1,703,0
29,17413,295900,0,7,1920,0,0,1,977,0
51,3972,53268,0,19,40585,1,1,0,610,2
50,28736,432430,0,32,11683,3,0,1,367,1
65,20623,212943,1,25,11336,1,1,1,762,0
72,23285,258916,0,38,15596,2,0,1,387,1
40,17179,421818,0,20,2093,2,0,0,516,1
41,3261,184403,3,8,12905,4,1,1,300,1
54,29590,48901,3,23,24351,2,0,1,434,1
52,11667,362130,0,36,30981,1,1,0,996,0
61,12054,194488,2,16,8367,2,1,0,650,0
57,18760,163268,0,23,5285,0,0,0,439,1
39,15777,390530,3,20,43664,2,0,0,917,0
44,5312,267770,2,38,37705,3,0,0,432,2
52,29524,138496,2,38,16753,0,0,1,919,0
18,27388,275001,0,12,18485,4,0,1,477,2
52,19344,241531,3,10,12977,3,0,1,657,1
54,28785,246693,3,18,19874,1,1,0,679,0
64,28400,413198,2,10,7674,1,1,1,957,0
31,19617,470177,0,12,29038,1,0,0,749,1
20,3105,395196,1,0,29315,3,1,0,885,2
18,7122,179362,1,39,3676,3,1,1,762,1
22,8267,26431,3,18,2426,3,0,0,407,2
43,28639,347120,1,11,24473,0,0,0,421,1
72,13113,238360,3,7,2962,5,1,1,316,0
31,24870,344855,3,7,29943,0,0,0,495,1
56,21401,26385,3,11,859,1,1,0,626,1
44,12089,431374,1,32,44816,5,0,1,617,1
26,15418,416235,3,25,4138,2,1,0,778,0
32,21619,280783,2,38,35192,1,1,0,551,0
32,28946,85530,0,27,25640,4,1,1,802,1
43,27236,230983,0,4,10409,0,1,1,418,1
59,14546,283707,3,7,4017,3,0,1,973,0
30,26318,432557,0,24,10451,0,0,1,797,0
68,4090,377816,1,26,28327,3,1,0,785,2
49,18947,398992,1,22,10278,5,1,0,344,1
56,5824,429660,0,29,24944,4,0,1,613,2
66,12287,462132,1,22,43764,5,0,0,478,2
69,10611,401927,0,19,1134,4,1,0,717,1
49,6842,205390,0,17,30131,0,1,1,855,1
21,17889,345114,0,17,37887,3,1,1,377,1
47,25373,243373,3,1,38462,5,1,0,625,1
54,10159,347697,0,3,22520,4,1,1,989,1
40,15543,161779,3,29,21869,1,0,1,656,0
56,26079,170182,0,32,36932,1,1,1,715,0
62,23850,192860,0,35,5039,5,0,0,814,1
32,10337,82879,0,17,21281,3,0,1,513,2
60,1617,432043,1,36,47399,5,0,0,373,2
46,29004,238260,3,18,10442,0,1,0,862,0
53,15417,398871,3,27,8252,4,0,0,878,0
30,20435,307003,0,39,27586,0,0,1,808,0
49,15809,446841,0,19,17568,1,0,1,631,1
24,14734,314242,1,32,20810,4,0,1,392,2
68,7060,146323,1,11,1551,5,1,1,987,1
39,22173,122413,1,14,12625,0,1,1,956,0
45,2346,262670,3,38,34397,2,0,0,818,1
19,12454,330904,3,1,26249,3,0,0,568,2
59,15203,47837,3,28,1361,3,1,0,675,1
62,16885,260550,0,9,26149,2,1,1,303,1
74,15246,273680,3,1,4370,1,1,0,437,1
70,24200,28541,2,10,5283,4,0,0,530,2
23,7969,79083,2,12,7610,3,1,1,899,1
45,10833,444243,1,9,43326,2,0,1,828,0
45,27886,34531,3,13,14924,5,0,0,351,2
61,26799,270856,2,17,47607,2,1,0,945,0
61,18108,366245,1,8,44717,1,0,1,624,1
37,14319,327599,3,38,10626,1,1,1,576,0
47,5708,74744,0,27,34761,0,0,1,835,2
28,7783,252859,2,2,869,3,1,1,785,1
72,3548,129749,0,19,31552,0,0,0,815,2
45,7733,267253,3,5,1014,2,0,0,451,1
42,14441,311412,2,26,10103,4,1,1,782,0
56,14107,231809,3,1,16986,4,1,0,558,1
50,11265,316759,0,28,44781,1,1,0,623,1
18,3328,82503,2,37,30471,4,1,1,467,2
74,3417,254346,0,2,33458,4,0,0,987,2
44,22118,422975,3,15,25069,4,1,0,609,1
74,8488,85708,3,29,16873,2,1,0,778,1
69,19910,191184,0,39,23248,4,0,1,355,2
30,16094,102471,2,1,23624,5,1,1,919,0
58,21628,254225,0,16,43516,4,1,0,772,1
20,26977,157661,3,11,29061,4,0,1,595,1
56,14477,161087,0,34,24170,0,1,1,760,0
23,28115,160081,3,0,8024,2,1,1,623,0
25,1509,345453,0,14,16678,1,1,0,440,2
44,18144,388590,2,25,38256,0,1,0,966,0
26,23922,193118,2,36,20411,3,1,1,561,1
54,11365,368805,0,20,43803,2,1,0,719,0
50,3719,157215,0,30,19296,5,0,0,540,2
68,8541,6154,2,24,26293,2,1,0,654,1
59,19944,152876,3,22,27172,3,0,0,888,0
61,6787,434904,2,23,21128,3,0,0,479,2
41,29789,64288,3,37,18257,3,0,1,365,1
32,3119,51195,0,27,12855,1,0,0,647,2
71,10012,282725,0,20,19642,4,1,0,470,2
49,2842,445864,3,17,35585,2,1,0,773,0
49,12068,292231,0,35,20025,4,1,1,833,0
41,20716,181002,3,34,4458,4,0,1,666,0
58,20708,164053,1,8,5307,5,1,1,406,1
69,19878,69298,2,37,41701,3,1,0,738,1
66,29034,308311,1,29,18425,1,1,1,526,1
66,15731,206376,3,33,49831,5,0,1,743,0
69,28114,436624,2,31,43427,0,0,1,741,0
29,4990,39499,3,2,28273,1,1,1,695,2
56,29753,387960,2,2,38506,4,0,0,880,1
19,10810,445485,2,27,5668,1,0,1,383,0
20,9484,169631,2,14,25934,3,1,1,914,0
66,19488,245198,2,22,47195,0,0,0,850,0
54,13719,467535,3,39,7697,3,0,0,312,1
66,1735,242997,2,10,24417,0,1,1,992,0
73,11661,488533,2,31,16446,5,0,0,792,1
34,3408,96347,1,35,40597,4,0,1,567,2
66,10067,310931,0,32,10751,0,0,0,824,1
19,5030,297632,0,23,46218,0,0,0,419,2
19,6756,336585,1,38,7352,0,0,1,652,2
45,20519,205735,1,33,13516,1,0,0,356,1
71,9662,22431,3,27,23299,5,0,1,339,2
40,27646,323825,3,36,31957,1,0,0,635,1
54,20444,194555,3,6,28927,4,1,1,939,0
49,6915,122720,1,3,41094,0,1,0,472,2
50,4891,49153,1,36,36412,5,1,0,846,2
18,12657,268512,2,0,29493,5,1,0,558,1
36,29719,420640,3,0,26711,2,0,0,816,0
19,7451,374504,3,19,8003,4,1,0,822,1
70,23352,176076,3,18,31707,5,1,1,416,1
61,9507,477085,0,28,3278,0,0,0,483,1
43,29926,219724,2,9,7296,0,0,1,415,0
49,10564,374899,3,17,25398,5,0,1,461,1
23,27328,56985,3,27,35842,1,0,1,878,1
49,24297,312213,3,34,13261,4,0,0,842,0
72,24825,314470,0,30,11173,0,1,1,886,0
21,27390,108737,0,26,30449,5,0,0,536,2
72,22704,212133,1,10,41080,0,1,1,365,1
28,17024,154470,2,37,1637,5,1,1,369,0
73,20782,229465,1,4,31781,4,0,1,746,1
34,25430,50861,2,7,13652,5,1,1,715,0
55,1577,338041,0,33,5103,2,1,1,831,0
41,9077,212977,3,11,25500,5,0,0,740,0
22,28697,127118,1,37,49796,5,1,1,763,1
69,22111,330721,3,0,34800,4,1,1,695,1
51,18484,196713,1,30,35529,5,1,0,850,1
23,15560,9078,0,3,47963,4,0,0,956,2
39,18949,418219,0,4,18452,2,0,0,856,1
28,20020,324912,0,29,49393,4,0,1,694,2
65,28525,51047,1,23,31174,0,1,1,625,2
33,12035,333770,2,2,35436,4,0,1,390,1
50,27939,319804,1,10,47406,2,1,1,369,1
26,11010,235458,2,3,15954,3,0,1,465,1
23,29673,443002,1,25,17186,5,1,1,941,1
33,8443,395141,1,26,12356,4,0,0,513,2
46,13454,215048,0,26,32963,5,0,0,900,1
20,9304,236293,3,5,2187,1,1,1,634,0
37,8065,117832,3,14,11707,0,0,1,668,0
53,7484,392550,2,29,35098,0,1,1,883,0
36,23026,125150,3,36,26935,1,0,1,976,0
43,6170,157087,1,36,21225,1,0,1,348,2
20,20074,33320,1,36,3606,4,1,0,351,2
36,10684,327025,0,34,32828,1,1,0,588,1
37,20596,90827,0,22,26489,3,1,1,925,1
49,3692,364359,3,5,14387,5,0,0,538,2
24,2748,419505,2,3,3927,5,1,1,432,1
69,12746,259931,3,17,6296,2,0,1,465,0
58,14290,396605,3,8,30444,1,1,1,673,0
50,21917,418899,3,28,46390,1,1,0,672,0
57,19881,406845,3,12,46893,3,1,0,777,0
56,5187,323694,1,16,2591,0,1,1,778,0
35,28227,24826,2,31,44895,0,1,0,949,0
57,5518,100734,1,21,48516,5,1,0,890,1
18,12802,157702,2,3,26147,5,0,1,981,1
28,3470,229834,0,4,38889,4,1,0,934,2
45,9889,177235,3,36,1200,3,0,0,987,0
74,23649,98511,1,12,15721,2,1,1,599,2
42,28702,459651,2,33,19238,2,1,1,381,0
67,19086,273797,0,21,11087,3,1,0,386,2
40,26019,159033,0,22,30816,2,0,1,524,1
48,23451,81941,3,2,23408,0,0,0,315,2
47,25551,205209,2,33,39740,2,1,1,657,0
59,16874,295806,1,31,136,2,0,1,462,1
52,23626,98818,3,20,17413,3,1,1,909,0
24,7288,449662,1,20,48114,3,1,1,967,1
33,6908,152360,0,10,18978,2,0,0,813,1
43,28111,253627,1,38,661,1,0,1,649,1
65,26553,95081,1,3,35240,3,0,1,980,2
74,10946,36877,3,0,27253,4,0,1,763,1
69,2422,373706,1,27,26884,4,1,0,674,2
66,1919,408529,3,23,32854,0,0,0,391,2
19,20088,211957,0,34,10704,2,0,1,480,1
18,12289,72715,3,12,38987,1,1,1,600,1
65,2620,141398,3,33,24527,0,0,1,959,1
29,12760,110091,2,10,16322,2,0,1,488,1
22,18834,132632,1,35,47517,3,0,1,613,2
54,3836,341292,0,16,6968,4,0,1,792,1
49,6873,83186,3,34,27518,5,1,0,427,2
72,3743,419961,0,17,46364,1,1,1,818,1
26,20529,162962,2,39,27886,5,0,1,725,0
58,27933,151094,1,21,1700,4,0,1,858,0
52,6112,385773,3,23,28246,5,1,1,864,0
36,15446,445795,1,18,35468,3,0,1,486,1
65,19749,70316,2,36,23199,2,0,1,849,1
33,12604,477063,2,38,44589,3,0,0,752,0
20,14929,28380,0,20,32115,5,0,0,770,2
37,28929,110198,3,7,5520,3,0,0,864,0
41,23912,264500,0,27,44278,4,0,0,523,2
71,25210,70326,2,4,36455,1,0,0,453,2
73,7871,354591,1,16,49748,3,0,0,859,2
50,7859,114994,0,36,20929,4,0,1,650,2
41,9363,220971,0,35,41605,1,1,1,446,1
69,4728,282193,1,18,14955,2,1,1,875,1
28,21603,468933,0,26,44049,5,1,1,648,1
66,29304,367505,1,33,13917,2,0,1,481,1
25,15882,278226,3,10,4757,0,0,1,936,0
53,20255,262805,1,11,13045,4,1,0,478,1
55,4391,168484,3,20,41680,1,0,1,338,1
57,5256,265064,1,10,4733,3,1,0,302,2
37,22109,484410,2,38,30954,2,0,0,363,1
52,17270,245378,2,27,31135,1,1,1,328,0
65,17978,453531,3,4,7081,4,1,1,671,1
42,4174,341705,3,16,41458,0,1,1,822,0
52,8398,271090,2,19,23501,2,0,1,396,0
42,11647,225314,3,11,21113,5,1,1,741,0
46,2293,438716,1,5,34441,1,0,1,502,2
35,27910,235612,1,16,47086,5,0,1,710,1
63,3616,278453,2,18,24690,1,0,0,320,2
35,7279,55230,0,25,43939,1,0,1,850,2
19,13798,373966,1,31,29345,4,0,1,401,2
71,29401,491872,3,5,46313,4,0,0,345,2
52,15653,423243,0,35,44571,4,0,1,365,1
33,12611,465757,0,37,26829,3,1,1,902,0
58,12289,374484,1,10,35062,1,1,0,463,1
53,12897,59321,1,32,3630,2,1,1,410,1
50,14499,132028,0,23,47861,5,0,1,637,1
21,24050,231447,0,22,31870,4,0,1,422,2
50,2314,336275,2,14,49298,4,0,1,746,1
31,18229,441124,3,26,47221,5,0,1,910,0
38,12041,471555,2,10,44942,5,1,1,590,0
65,26438,288107,1,16,3453,1,0,0,970,1
37,3943,101757,2,13,37275,4,1,1,711,0
73,11957,432659,2,26,43370,5,0,1,914,0
25,11880,361403,2,17,38396,3,1,0,580,1
24,9283,301207,2,27,8328,3,0,0,342,1
20,29081,376369,3,3,15534,4,1,1,785,0
34,12973,378544,3,6,19744,5,0,0,895,0
50,18868,342962,0,34,19389,1,1,1,350,1
65,16828,266847,1,8,36320,1,0,1,509,1
29,25674,196200,2,7,49170,1,1,0,425,1
68,27715,72099,0,16,35010,0,1,1,791,1
39,2327,419065,0,16,14665,4,0,1,808,1
72,28806,162932,0,32,37865,1,1,0,880,1
39,21415,31585,3,31,8640,3,0,0,557,1
63,8647,415231,2,7,34716,5,0,0,487,1
47,5951,470755,2,18,25521,2,0,0,529,1
55,16843,43585,1,37,30049,2,1,1,488,1
55,15135,289102,2,2,5618,1,1,0,714,0
62,29011,288161,2,4,37004,2,0,0,309,1
68,21760,469923,0,12,1920,2,0,0,413,1
71,7459,386821,1,30,43937,0,1,0,375,2
25,1626,438566,2,15,4188,3,1,0,975,1
44,21061,405417,3,31,12207,3,1,1,801,0
44,29132,291570,2,21,238,0,0,0,384,0
51,10295,279922,0,28,32972,0,0,1,348,1
38,13141,176313,3,21,10799,2,0,0,794,0
47,23908,42229,0,2,5552,4,0,0,988,2
50,22993,86652,2,9,28916,5,0,0,686,2
45,22030,390411,3,20,4927,5,1,0,688,0
64,8696,249474,1,15,27964,2,0,0,517,2
50,29609,179436,1,11,11164,5,1,0,645,1
22,13059,492049,3,1,37158,0,1,0,529,1
65,4868,388647,3,23,19071,3,0,0,554,2
36,5297,260116,0,34,48409,5,1,1,535,2
21,16614,347022,3,29,6160,2,0,0,325,1
52,15218,319200,0,29,15810,4,1,1,883,0
66,3292,420706,2,34,5126,2,0,0,560,1
34,12553,19975,0,18,30009,1,0,1,570,2
61,23616,157795,3,7,33584,2,1,0,422,1
45,4976,416495,3,25,46182,0,0,0,955,1
47,4917,209373,2,39,25396,3,1,0,556,1
46,3145,404777,3,6,192,3,0,1,955,0
63,16255,197133,3,29,36413,5,0,1,720,0
70,27281,350541,1,6,12816,0,0,1,558,1
23,20914,180225,1,2,39082,1,1,1,346,1
52,20756,295286,2,0,32130,0,1,0,824,0
58,4572,289060,0,35,40142,2,0,0,507,2
54,3354,64324,1,24,36468,0,1,0,610,2
41,21905,176037,0,36,30698,0,0,1,448,1
46,6162,388076,3,0,10655,1,1,0,737,1
66,8014,135720,1,14,47897,2,1,1,454,1
63,22915,166205,2,36,30075,4,0,1,977,0
70,4208,443893,2,12,9359,4,0,1,389,1
48,13194,96059,2,39,36661,3,0,1,997,1
52,24996,487804,1,7,39579,5,0,1,657,1
50,11024,493166,0,4,42056,0,0,0,473,2
69,26277,98317,3,8,33272,3,1,1,516,1
38,21391,201207,0,0,42581,1,1,1,755,0
49,7956,297190,0,35,14671,4,0,0,908,2
40,5712,440280,3,34,27048,0,0,1,928,0
50,14724,101459,3,1,10738,1,0,1,498,1
20,9470,237697,1,39,25963,5,1,0,785,1
35,26650,200422,1,22,43954,1,0,0,832,1
42,18420,308037,1,8,6773,0,0,0,499,1
59,3125,101520,1,33,36584,5,1,1,670,2
48,11814,387962,1,13,29894,1,1,0,747,0
71,9473,61272,3,3,717,5,1,0,547,2
20,10077,223224,0,29,11676,0,1,0,563,1
57,9570,329793,1,30,4434,0,0,1,357,1
63,29357,326818,1,37,49810,5,1,0,601,2
41,10166,144832,0,10,37825,2,1,1,330,1
67,26493,152999,1,34,29100,3,0,1,797,1
49,24374,348619,0,7,4994,1,0,0,548,1
64,5100,61367,0,2,4234,1,0,1,904,2
39,8283,229027,3,13,3764,2,1,1,570,0
40,14726,405804,2,12,43949,2,0,0,905,0
19,10646,383894,3,31,37405,2,1,1,965,0
44,6471,232750,2,33,34872,4,1,0,693,1
59,14990,235806,2,18,42215,4,1,1,801,0
19,19089,380298,2,37,23185,5,0,1,891,0
43,14451,183305,1,15,43442,4,1,0,383,1
34,13812,44738,3,1,41153,0,0,0,664,2
57,3490,33397,2,39,11999,5,0,1,848,1
50,6799,344333,0,16,36487,1,0,1,641,2
26,14497,338511,1,33,2581,3,1,0,706,1
60,21456,202332,3,15,2763,0,1,1,724,0
71,23859,382729,2,37,27374,1,1,1,392,0
65,14972,338763,0,1,38759,1,0,1,913,1
56,24204,111453,3,1,10531,5,1,1,711,0
46,5880,19816,3,25,25307,2,1,0,731,1
59,6257,435456,1,12,30835,2,1,0,977,1
72,20597,399492,3,30,11064,0,1,0,458,1
43,11895,245011,1,33,11312,2,1,0,313,1
52,17741,497415,2,38,37548,1,0,0,672,1
67,7088,341674,1,2,36945,2,0,0,524,2
42,29196,416715,0,7,47937,4,0,1,804,1
41,18850,481792,1,22,6476,2,0,0,372,1
30,6444,371000,0,13,24565,1,1,1,548,1
24,14895,213567,1,26,2382,5,0,1,810,1
74,21316,71635,3,28,49683,0,1,1,902,0
53,18572,369947,2,38,22463,3,0,0,515,1
62,5743,216184,0,38,45276,2,0,1,901,1
37,21585,298090,1,0,33402,1,0,0,840,1
18,26417,317348,1,16,26345,3,1,1,519,1
25,23066,182958,1,29,44764,3,1,1,520,1
63,11416,464868,3,12,26946,4,0,0,688,1
33,24588,277707,3,20,14162,3,1,1,853,0
31,22306,92324,0,18,49154,5,0,1,946,1
29,11484,223536,0,18,46773,1,0,1,341,1
68,3259,232944,3,24,8397,1,0,1,975,0
40,29288,271991,0,21,22335,2,1,0,582,1
32,10681,26155,2,30,45095,2,0,1,357,1
45,28338,341815,2,16,14394,2,0,1,836,0
51,3982,116891,3,22,27197,5,0,0,372,2
19,25942,345454,0,31,22010,3,1,1,428,1
49,2451,460494,1,9,24123,3,0,1,898,1
40,26798,149381,2,9,22387,4,1,1,725,0
39,29465,131691,3,35,2890,5,0,1,964,0
68,3579,476410,0,7,27769,2,1,0,993,1
42,4217,443324,3,19,43626,0,0,1,424,1
39,28408,34707,1,31,8026,4,0,0,366,2
39,29452,413553,2,13,3306,0,1,1,305,0
66,22408,343681,3,27,33665,3,1,1,936,0
69,11192,197576,3,23,9277,4,0,1,613,1
59,26361,178686,3,14,42239,4,1,0,625,1
23,8811,222500,1,21,47664,1,0,1,864,1
32,29571,353299,3,29,48008,3,0,1,877,0
71,25070,262425,1,3,14683,3,0,0,805,2
60,19949,158492,1,12,670,5,1,0,381,1
54,2268,474112,1,22,23675,4,0,0,898,2
50,6990,170102,2,7,17889,3,1,0,301,1
25,17034,394274,2,17,44535,4,0,1,503,1
70,29133,217285,3,11,13006,5,1,1,961,0
61,8145,338404,3,30,48536,5,1,1,703,0
61,22967,159476,2,13,26531,1,0,1,402,1
22,6732,234554,0,33,21639,4,1,0,835,2
56,28237,498500,2,17,16633,3,0,1,667,1
21,12985,160928,1,33,34660,3,0,1,511,2
23,7297,140272,2,10,3439,4,0,1,876,1
62,27022,326322,1,11,32172,4,0,1,508,2
49,22810,296141,3,14,35622,4,0,0,416,1
69,23900,418827,0,30,11577,2,1,1,927,0
47,21219,119273,3,28,11763,3,0,1,777,0
64,13842,172307,1,25,20176,5,1,1,404,1
52,9538,248500,1,17,44386,3,1,0,794,1
72,17502,166129,1,31,24255,2,0,0,345,2
57,14587,132311,0,21,41003,4,1,1,630,1
69,6373,234746,2,37,19996,1,0,1,515,1
33,2981,245546,3,16,35386,4,1,1,791,0
30,11593,196733,3,22,21062,4,1,0,748,0
67,24189,126945,2,23,35931,2,1,1,835,0
59,21335,45272,3,7,35710,3,0,1,810,1
47,15922,351537,0,5,34693,4,1,1,757,1
36,17938,323356,3,4,35740,3,0,0,846,1
34,9143,146470,1,28,11705,0,1,1,835,0
73,27899,120030,2,27,43408,5,1,1,839,0
36,21346,318647,0,10,28047,3,1,0,783,1
45,17208,399854,2,0,10966,1,1,0,315,1
72,12771,6570,0,18,17374,5,0,1,870,2
43,18716,330929,1,8,11138,1,0,0,542,1
54,14100,9110,2,26,15935,4,1,1,506,1
43,12498,499115,3,33,45913,5,1,0,570,1
70,23838,79141,0,3,489,3,0,0,414,2
40,15795,12115,2,35,44516,5,0,1,879,1
26,12182,39062,3,17,22260,4,0,1,598,2
29,17880,285055,2,14,26069,2,0,1,782,0
70,10019,104061,2,12,19275,1,1,0,696,1
18,25105,294700,2,18,36284,4,1,1,693,1
18,21194,471347,0,5,39178,2,0,1,374,2
64,4800,390479,3,11,32821,5,0,1,781,1
51,8222,1969,1,36,16999,5,0,1,402,2
49,8718,305897,0,16,38712,4,0,1,596,1
71,25660,476027,0,22,40172,3,0,0,477,2
65,21559,397686,0,25,33722,5,0,1,514,2
42,4554,121863,1,28,10625,3,1,1,614,2
57,15075,272369,3,32,1629,3,1,0,338,0
62,9470,123008,3,26,10973,3,1,1,558,1
70,3643,154268,3,24,6859,0,0,1,306,1
18,23091,105823,2,9,41609,2,0,1,348,1
33,11003,275813,2,22,43307,2,0,1,837,0
56,29267,430596,2,20,45450,5,1,1,460,0
22,16649,386542,1,20,36046,5,0,0,475,2
39,20422,110677,2,12,21839,3,0,0,890,0
46,13675,246958,1,36,27216,0,1,0,301,1
72,22431,48320,3,32,18945,3,0,1,754,1
20,23503,440630,2,23,6539,0,1,0,943,0
29,9856,496758,2,10,49522,3,1,1,575,1
43,24496,146649,0,16,33625,1,0,1,797,0
33,22889,125354,1,3,4886,1,1,1,928,0
68,16570,88009,3,24,45713,4,0,0,975,1
54,2322,257437,0,29,7485,3,1,0,327,2
39,18827,448625,0,8,31455,5,0,0,632,2
74,15789,28625,3,20,46448,2,1,1,300,1
46,7650,212112,0,19,16767,4,0,0,487,2
31,5925,286233,1,18,47165,5,1,1,355,2
45,26850,36487,1,18,28453,1,1,0,846,1
22,17532,459054,2,11,10744,3,1,0,411,1
64,3698,228071,0,36,37102,4,0,1,609,2
66,29232,372592,2,16,12226,3,0,1,335,1
47,22126,488011,0,36,27869,1,1,0,738,0
63,21579,312282,1,38,22588,4,0,0,891,1
69,4952,173895,1,27,13440,1,1,0,894,1
22,10606,430424,1,34,31709,0,0,1,876,1
29,15359,316205,0,17,47788,1,1,1,624,1
33,19192,423875,1,13,22495,3,0,0,939,1
43,22061,101376,0,34,37019,2,1,0,606,1
43,10205,425106,2,6,44948,1,1,1,833,0
65,11612,341278,0,12,48908,5,1,0,918,1
38,24736,309199,2,17,922,2,1,1,408,0
56,23919,243341,0,36,27526,0,0,1,671,1
53,21478,281652,2,12,7957,4,1,1,656,0
50,6341,435503,1,35,48564,4,0,1,480,2
47,16858,472132,2,30,33998,2,0,1,655,0
54,2909,158056,1,1,43395,4,1,1,975,1
40,6066,110169,1,15,24031,1,0,0,367,2
27,12882,270269,2,8,10006,2,0,1,591,1
71,22375,36059,0,8,37701,3,0,1,991,2
22,19439,462785,0,37,47063,1,1,0,480,1
53,16096,103409,3,10,25939,1,0,1,765,0
51,2304,410303,0,21,49145,1,0,0,733,1
69,14721,499653,3,32,20324,3,1,1,763,0
48,2779,5704,0,35,22867,0,1,0,980,2
27,14692,453792,0,22,203,5,0,0,833,1
36,8583,204456,1,33,16544,4,1,1,365,1
49,23870,218200,3,8,15899,2,0,1,320,0
18,23503,111279,0,23,29063,0,0,1,911,1
73,29653,465676,3,7,25344,2,0,1,683,1
22,12593,158280,1,6,3748,4,1,0,914,1
62,19271,118516,1,35,39486,3,0,0,858,1
21,14380,478366,3,17,1093,1,1,0,338,0
33,28837,197096,1,2,15228,1,1,1,584,1
41,17017,433098,2,27,20884,3,0,0,901,0
33,20563,419139,2,5,25183,0,1,1,896,0
72,3606,376188,1,20,16034,0,1,1,635,2
19,26057,232549,2,27,5710,2,1,0,487,0
66,17586,29165,0,39,42500,3,1,1,970,1
45,22107,67203,3,0,19259,0,1,0,542,1
49,6331,484965,0,35,35959,3,0,1,372,2
44,20652,266258,3,20,33457,4,1,0,778,0
37,4686,458181,1,34,20143,1,0,1,860,1
41,29356,36321,0,12,2103,1,0,0,400,2
29,4073,335441,1,9,365,1,0,0,813,1
67,14308,358796,1,9,46778,3,0,1,475,2
52,4099,361448,3,12,44535,3,0,1,537,1
50,5533,245014,3,36,16103,2,0,0,358,1
50,9928,156498,3,37,32510,1,1,1,398,0
68,2804,17772,0,23,24476,2,1,1,794,2
60,29506,365898,2,1,12742,1,1,1,813,0
54,25252,265856,3,21,12391,2,0,0,596,1
29,23761,394583,3,16,36940,2,1,0,510,1
20,19185,499709,0,35,28901,4,1,1,422,1
18,20425,238389,3,13,32001,2,1,1,528,0
50,19935,115142,0,9,15623,3,0,0,893,1
57,24693,91736,1,34,2378,2,1,1,955,0
27,10133,51924,3,24,21372,1,0,0,687,2
60,28152,3726,3,2,44799,2,1,1,439,1
61,12872,351296,1,37,38437,0,0,1,840,1
46,28733,27723,1,16,35503,5,0,1,690,2
30,29874,389113,1,11,30746,1,0,0,569,1
29,10496,234182,3,23,27923,0,1,0,311,1
48,17958,362638,2,28,9867,1,1,0,688,0
63,24865,140180,2,24,41258,3,0,0,636,1
19,28251,208786,2,35,33724,5,1,1,805,0
68,28165,35643,3,25,9306,5,0,1,405,1
67,6975,162396,1,37,39391,3,0,0,331,2
52,26116,366040,3,0,14908,5,1,1,373,1
40,28157,214432,1,19,27081,3,1,1,470,1
34,8684,139999,3,27,37228,0,1,0,368,0
43,23680,355824,3,15,23386,4,0,1,661,1
25,25025,358690,1,16,46754,1,0,1,948,1
46,14375,415659,2,39,45406,3,1,0,732,0
43,3122,79973,1,27,28302,1,0,1,399,2
27,17488,325593,0,11,19212,0,1,1,957,0
43,9541,109834,0,26,35618,4,0,1,308,1
51,18225,236386,1,29,46067,0,1,0,873,0
68,19958,469959,3,33,10698,5,1,0,996,0
58,9492,453449,0,36,4594,1,0,1,328,1
24,17146,287681,0,5,25525,4,1,1,413,2
21,18529,494509,3,6,14282,5,1,1,761,0
70,5763,339720,3,31,49053,4,0,0,442,2
67,26685,107522,2,31,14334,5,1,0,689,1
62,15560,22612,3,24,29179,0,0,0,931,1
28,24020,225049,1,32,6644,3,1,1,981,0
46,16656,268615,1,6,35618,1,0,1,456,1
73,10146,166703,2,11,47701,2,1,1,634,0
53,29029,240069,0,15,32933,2,1,1,559,1
42,27784,223131,0,15,43469,0,1,1,381,1
38,13164,31348,3,35,33687,1,1,0,740,0
74,4469,195804,1,12,41073,1,0,1,471,2
53,4528,263321,0,6,17375,0,0,1,530,2
27,25527,135832,2,35,48483,1,0,1,374,1
54,20565,294923,2,8,30926,3,0,0,569,1
26,5129,283780,1,31,36607,0,0,1,925,1
41,22109,81889,2,10,17642,3,0,0,361,2
52,4567,53551,2,7,23993,1,0,0,619,2
66,7441,404772,1,32,44386,0,1,0,401,2
52,19270,420814,3,22,46287,1,1,0,728,0
65,29852,142635,3,24,21188,0,1,0,554,1
53,20750,46819,2,7,32596,1,1,1,831,0
35,22672,335914,3,21,27772,3,0,1,869,0
66,13055,484271,3,3,30857,3,0,0,411,2
56,23374,420182,2,39,10776,1,0,0,612,1
49,14581,212781,3,2,32835,0,1,0,760,0
41,22008,453105,2,28,9788,2,0,1,761,0
40,26224,158059,0,28,5660,3,1,1,391,1
49,21734,340858,1,33,4478,3,0,0,351,1
54,23299,498090,1,33,8210,5,0,1,819,0
29,28134,189420,3,27,10922,2,0,1,397,1
66,25563,24596,3,12,36289,1,0,0,535,2
72,8319,426390,3,14,33340,0,1,0,673,1
30,27212,326250,1,22,39850,5,1,1,880,0
40,26262,463183,0,25,38163,1,0,1,856,0
42,12546,59182,0,3,48175,4,1,1,948,1
52,27326,486516,1,25,18642,3,0,0,533,2
58,19217,349307,0,39,11094,4,0,0,331,2
47,22034,301454,1,8,22423,3,0,0,588,2
34,24650,318232,0,4,33418,3,0,1,937,1
66,4211,128803,2,31,5741,4,1,1,878,0
37,6353,139978,2,19,46049,4,0,0,841,1
65,24096,299058,1,10,6838,1,0,1,413,1
42,25363,372494,0,14,3262,5,1,0,503,1
39,23292,45379,3,31,4996,5,0,1,328,1
30,27861,471828,0,27,44594,4,1,0,942,1
36,9215,245900,2,21,22164,1,0,1,773,0
66,10442,258517,2,16,35595,5,0,1,996,0
53,17007,430866,0,25,30257,1,0,0,552,1
29,17326,440097,0,6,14211,1,0,0,685,2
58,3262,308557,3,25,30453,3,0,0,361,2
36,17350,137084,3,24,5232,5,0,0,814,0
29,13612,181187,0,9,2217,5,1,0,729,1
26,24985,269295,0,18,24229,3,0,1,879,1
24,25558,57716,0,10,14232,4,1,0,836,2
45,14152,355891,0,12,25613,3,1,0,990,1
31,7622,223725,1,7,14026,5,0,0,440,2
48,1981,167450,0,39,28554,5,1,0,599,2
69,16036,173724,3,3,30908,4,0,0,974,1
36,1653,203502,2,30,19610,3,1,1,610,1
64,9117,144539,1,27,46646,0,0,0,770,1
33,3024,424226,0,10,39605,0,1,0,692,2
70,3620,121999,2,0,7031,4,1,0,941,1
22,16548,114793,1,37,47574,3,0,1,744,1
52,3843,447907,2,23,25515,3,1,1,471,1
29,6636,457373,0,30,36484,1,0,0,875,2
42,23644,370321,0,25,36182,5,0,0,330,2
69,2740,12289,3,4,570,2,0,1,346,2
38,1560,176048,0,19,32254,4,0,1,429,2
53,10630,174668,0,10,19288,2,0,1,651,1
70,19523,416387,1,32,13288,2,1,0,921,1
40,24069,231513,3,37,29877,4,1,0,880,0
33,13812,257368,1,26,18889,3,1,1,357,1
74,14850,86365,2,33,917,4,0,0,405,2
56,25854,230662,0,14,10066,2,1,1,629,1
62,13918,376158,2,31,29504,5,1,1,982,0
70,29645,175211,1,20,6982,5,1,1,682,1
59,2752,179785,0,4,39104,5,1,0,461,2
56,22087,422950,0,5,18062,3,1,1,585,1
31,9863,72588,1,37,16999,0,0,1,370,2
48,11150,63646,1,21,9941,4,0,0,753,1
22,21433,265798,1,17,23470,5,1,1,866,1
52,22081,482238,1,13,45148,4,0,0,696,2
40,24893,280887,1,9,21133,5,0,1,814,1
46,24551,310512,0,12,44435,3,1,0,325,1
60,20206,221097,1,30,4529,0,1,1,612,0
28,27712,205244,0,29,17519,0,0,1,425,1
35,29191,399657,0,2,12192,5,1,1,707,1
64,17814,119735,1,29,8566,3,0,1,864,1
29,5590,155683,1,5,7226,1,0,1,497,2
26,8460,382035,3,28,37930,4,1,0,487,1
27,4504,107971,0,7,49358,4,0,0,997,2
61,23020,12149,1,32,21259,2,0,1,783,1
34,18213,362246,1,16,34087,3,0,1,749,1
55,5140,321333,1,10,1141,2,1,1,822,0
24,29970,238976,3,12,4627,5,1,0,653,1
63,25866,414891,3,10,47269,2,1,0,957,0
30,21991,333175,2,30,2690,0,1,1,896,0
57,2841,42668,0,27,40091,4,0,0,399,2
59,13355,406889,2,5,3255,2,1,1,915,0
26,26291,469882,1,15,5213,0,1,1,857,0
67,1838,88204,3,3,36876,3,1,1,855,2
44,7395,211830,3,34,19404,2,1,0,577,1
19,13754,196501,2,25,25380,5,0,1,992,0
22,20592,416885,3,11,25520,5,0,1,998,0
46,12844,165140,1,10,19173,5,0,1,925,1
54,3250,219861,3,36,23989,4,1,0,790,1
55,23488,140507,2,24,42570,2,1,0,554,0
36,3921,225160,1,17,24519,3,0,0,680,2
25,8619,183321,2,18,22439,2,1,1,841,0
65,26785,37384,3,22,11413,4,1,0,563,2
62,6819,81929,2,37,14995,0,0,1,909,1
18,17396,390103,2,17,23559,4,0,0,628,1
39,24493,76153,0,25,45351,5,1,1,414,2
69,23271,235128,3,5,23513,0,1,0,575,1
34,13418,75388,3,3,5021,5,1,1,787,0
24,29718,31401,2,28,32464,1,0,0,580,2
42,21877,202903,0,33,21119,4,0,0,574,2
62,26564,119503,3,16,29299,4,0,0,627,1
21,25928,232601,1,15,39350,3,0,1,510,2
53,15349,127834,2,1,46223,2,1,0,851,0
23,26122,34084,3,33,25517,0,0,0,325,2
48,29435,251459,1,7,13117,0,0,0,326,1
36,6373,110641,3,12,22250,3,1,0,382,1
61,6306,105111,1,7,18950,3,1,1,981,1
71,10092,449042,2,29,17359,2,1,0,712,0
56,13682,429667,3,31,23596,5,0,1,466,1
44,23797,138299,3,35,25530,2,1,1,999,0
27,25008,162982,0,29,1262,4,1,1,468,1
43,21041,298185,2,0,40150,5,0,1,528,1
36,18274,351064,1,38,22615,1,0,0,908,1
56,13545,327825,3,16,3327,2,1,1,666,0
20,5930,234386,3,19,29768,3,0,1,827,1
62,10320,343715,1,23,28850,5,1,1,946,1
30,25570,196553,2,21,42788,2,1,1,837,0
67,5732,461792,0,28,16848,0,0,0,823,2
45,12622,260337,0,21,46830,1,1,0,371,1
37,16523,127556,3,8,39542,4,0,1,944,0
45,9507,195246,1,36,15160,0,0,1,405,1
25,19405,26160,3,9,33998,0,0,1,988,1
58,10518,246242,1,35,27230,1,1,0,581,1
56,3000,17633,0,36,9076,4,0,0,432,2
18,8237,488096,2,27,3805,3,0,0,833,0
20,4794,279158,1,27,31085,5,1,0,568,2
30,22969,342676,0,20,14715,4,1,0,711,1
45,20303,49104,3,23,5750,2,1,1,972,0
74,27010,434837,1,39,48395,0,1,0,918,1
66,20926,339375,2,1,13232,2,0,0,317,1
42,5997,68388,3,7,35903,3,0,1,416,2
73,19350,16014,3,26,6953,2,0,0,443,1
50,21445,92578,0,21,32093,4,1,0,850,1
55,2114,164827,1,36,25500,2,1,0,965,1
70,23276,40390,3,26,22418,3,0,1,987,1
23,25577,285855,2,28,34314,3,1,0,721,0
61,10874,91658,1,2,48225,3,1,1,668,2
62,21107,57993,2,12,22449,4,0,1,945,1
49,25022,205768,3,9,17478,3,0,0,857,0
62,4167,158285,2,35,35179,0,1,0,349,1
64,25864,246860,0,8,46881,3,1,0,977,1
38,14909,498172,2,26,25338,2,1,0,405,0
33,18014,451000,1,33,26899,5,0,1,515,1
71,4483,269565,2,0,4145,2,0,0,957,1
38,22162,218008,2,31,32101,5,0,1,724,0
28,25010,492289,0,24,2775,2,0,1,371,1
54,14151,17727,2,28,45961,4,0,1,745,1
53,9730,374562,2,6,31647,2,1,1,485,0
52,25578,4358,3,2,45619,4,1,1,369,1
36,8140,327252,3,19,45838,4,1,0,449,1
37,13279,257681,1,19,19539,3,0,1,545,1
74,23352,94018,3,29,36738,0,0,1,837,1
35,16817,386601,3,34,26616,5,0,0,951,0
64,18804,425333,3,34,14119,3,1,0,398,1
58,9064,481916,3,38,25159,3,0,1,577,1
66,28845,294054,0,26,37099,4,0,1,862,1
31,17020,126888,3,25,10295,4,1,0,962,0
32,26568,229104,0,13,34710,5,0,1,754,1
48,15237,317898,0,16,24685,2,1,0,403,1
18,10823,193510,3,17,49343,2,0,0,900,0
70,16729,109847,2,28,25479,3,0,1,952,0
71,13213,422587,0,19,46172,1,1,0,532,1
71,10002,444717,2,26,33629,1,1,1,693,0
20,26814,454162,2,17,42043,2,1,1,800,0
33,21125,300611,3,3,17033,1,1,1,994,0
40,2045,410841,1,0,36902,2,1,0,550,2
74,28537,296037,3,0,44571,4,1,1,820,0
28,5846,76329,1,25,15408,3,0,0,378,2
29,11496,31007,1,19,17420,0,0,1,351,2
27,29288,484518,3,22,16351,3,1,1,525,1
49,17275,170604,3,9,4131,2,0,0,350,0
33,15419,316397,1,10,44825,2,1,1,485,1
25,5310,12323,3,4,11349,3,0,1,333,2
55,8706,373479,1,0,44254,5,1,0,430,2
29,10505,112356,2,16,38225,2,0,0,931,0
41,17871,110944,3,21,38847,1,0,0,742,0
45,13816,204451,2,33,12453,1,0,1,731,0
70,19916,407426,0,28,18814,2,0,0,796,1
25,9936,278600,2,3,18263,2,0,0,702,1
45,14484,31367,2,4,12158,5,1,1,622,1
53,1771,54624,1,10,15735,1,1,0,509,2
43,21395,403322,2,20,15830,2,1,1,914,0
25,19655,234565,3,34,47893,2,0,1,628,1
67,27338,68008,1,11,44673,5,1,0,671,2
45,12116,388070,0,25,23926,5,0,1,759,1
45,5861,377539,3,18,45066,3,0,0,432,2
54,8569,116492,0,6,34779,5,0,0,950,1
58,18804,72240,2,6,3373,0,1,0,420,1
53,26074,326459,3,25,10335,1,0,0,905,0
44,4930,462465,3,39,23741,3,1,1,751,0
71,22319,201659,0,4,10692,0,1,1,428,1
34,14176,272900,3,20,47295,2,0,0,390,1
26,12316,461227,3,13,45541,2,0,0,903,0
50,21644,298522,3,3,34057,3,1,1,874,0
70,3550,135327,2,22,1447,5,1,0,328,1
37,13192,407700,0,19,19583,2,1,1,823,0
30,2665,125703,3,14,22765,4,1,0,632,1
45,26451,318693,1,28,23906,3,1,1,596,1
65,3533,165575,1,7,19567,0,1,1,429,2
46,24351,335938,1,18,14139,3,0,1,592,1
30,1645,499499,1,38,46525,1,1,0,472,2
63,15769,493948,2,27,38230,5,1,0,323,1
52,22272,307257,3,26,19520,5,1,0,398,1
23,9332,498946,0,3,19702,3,1,0,705,1
35,26507,74069,3,14,25566,2,0,0,655,1
68,26780,229189,2,34,7657,2,0,1,438,0
22,26057,398465,1,36,37688,4,1,1,802,1
64,15786,251051,2,0,30134,4,1,1,473,1
42,4132,412417,3,2,10345,5,1,1,328,1
19,5994,125541,0,23,41185,4,0,1,795,2
27,16652,189648,2,26,49928,0,0,1,954,0
73,25940,256353,0,39,27413,4,0,1,650,2
47,25395,271830,2,35,5208,0,0,0,853,0
67,10655,315507,0,33,33455,4,0,1,598,2
62,11926,359687,0,28,49681,5,0,0,491,2
22,11733,131733,1,23,28018,5,1,1,971,1
72,3328,175915,0,23,45991,0,0,1,363,2
73,28184,95673,1,3,8080,3,0,0,963,2
50,13760,454179,3,2,21902,5,1,1,514,1
71,10630,42828,3,33,9486,3,0,0,465,2
18,6305,310748,1,22,38862,2,1,1,842,1
35,2306,272670,1,22,21158,0,0,0,531,2
49,27539,331054,2,4,40460,5,1,1,840,0
64,25370,25592,2,30,43856,1,1,0,494,1
66,29491,291126,2,5,35871,2,1,0,805,0
28,9702,262351,3,36,35208,3,1,1,633,1
38,3368,232041,2,9,20519,5,1,1,603,1
43,16061,350877,0,39,31379,0,0,0,736,1
42,17012,230008,0,6,28378,4,0,1,622,1
39,25762,124982,2,38,39892,1,1,0,801,0
44,16399,256911,0,37,49996,3,1,1,692,1
66,23574,68619,3,20,14031,2,1,0,898,1
30,25711,160400,0,19,14536,0,0,1,448,1
50,17720,308623,3,2,446,1,1,0,704,0
51,17434,151175,1,21,36683,0,1,1,582,1
58,6929,170963,1,3,48555,5,1,0,661,2
52,10576,141826,1,27,17618,4,1,0,678,1
18,5064,231055,1,11,6587,2,0,1,497,2
38,2889,343581,0,37,31480,0,1,1,855,1
65,13093,98540,2,35,32994,3,1,0,655,2
72,8774,335126,0,4,20527,5,0,0,839,2
23,18708,102747,3,12,23569,5,1,0,728,0
45,20149,186994,0,22,11151,2,1,0,316,1
34,18820,310375,0,29,5558,5,0,1,938,0
22,28876,29301,3,36,44739,3,0,0,678,2
48,12245,222724,1,24,32954,0,0,0,979,1
22,24286,193783,1,26,47448,2,1,0,805,1
55,15699,172395,1,13,47327,5,1,1,375,1
20,21729,18752,2,35,43837,5,0,0,530,2
70,17376,491128,3,38,35303,3,0,1,547,1
40,19680,213277,3,15,34700,4,0,1,601,1
54,9745,360596,0,21,27500,4,1,1,514,1
70,8714,144467,2,20,2032,5,1,1,457,0
54,2226,217029,1,20,1252,0,0,1,368,1
27,20620,383381,2,7,5509,2,1,1,692,0
27,15332,56273,3,15,37842,5,0,1,384,2
36,12862,258503,3,30,13900,1,1,0,566,0
34,19797,91878,0,9,14523,2,1,0,368,2
38,27672,267039,0,31,1881,4,1,1,910,0
31,11606,119968,3,33,33037,5,1,0,646,1
26,9157,377844,1,8,1630,3,0,0,972,1
63,20350,76559,1,16,20789,1,1,1,722,1
18,28813,10699,2,10,22523,5,1,0,905,1
68,26925,196133,3,31,17958,0,0,1,473,1
62,28185,9715,3,9,46151,1,1,0,976,1
30,25196,19169,1,21,48920,5,0,1,414,2
21,16051,118413,1,16,43852,0,0,1,519,1
18,26078,409379,3,3,1695,1,1,0,330,1
66,9406,119264,0,24,14821,0,1,0,822,1
57,22760,267926,3,20,3262,0,0,1,642,0
49,8787,219249,3,36,1445,1,0,1,676,0
51,2392,124481,1,37,16436,1,0,1,429,2
45,11722,215400,1,0,9949,0,1,0,916,0
48,29236,35585,0,24,23963,4,0,0,838,2
25,28452,292826,0,35,29932,1,0,0,301,2
56,6175,178936,2,16,6901,5,0,0,400,1
43,3433,392136,3,23,33487,2,1,1,832,0
51,19264,346560,1,1,8597,3,0,1,357,1
71,13373,448330,0,39,6855,0,1,1,688,1
71,19174,389954,2,14,18678,0,1,1,991,0
20,19524,38067,2,31,8263,3,0,0,640,2
67,14739,173757,1,38,47288,4,1,1,319,1
29,25374,253334,1,5,25805,3,0,1,554,2
18,12374,18073,2,0,26143,1,1,0,616,2
71,27063,36035,0,22,11874,3,1,0,337,2
61,19102,196049,2,38,27529,0,0,1,959,0
22,6516,233782,3,16,20866,3,0,0,836,1
47,24765,90373,3,33,14079,2,0,1,685,1
47,27431,345506,1,28,49850,5,1,0,932,1
74,15274,90517,0,8,7243,1,1,0,325,2
34,11252,65450,0,12,29872,3,0,1,753,1
65,27494,10382,3,5,9018,0,0,0,980,1
64,18838,397653,2,5,49500,5,1,1,622,1
40,17085,202043,1,19,12100,1,1,0,812,0
32,27059,457828,2,2,49459,0,1,0,312,1
54,8791,221427,2,16,19800,4,0,0,859,0
38,2474,61929,2,11,26910,2,1,0,670,2
31,5633,233483,0,0,29437,4,0,0,590,2
19,16163,228590,3,16,37588,2,1,1,631,0
28,23254,361008,0,2,11001,3,1,0,905,1
68,5472,143401,3,25,46675,1,0,1,560,1
56,6795,256677,1,14,19942,3,0,0,504,2
55,15413,287313,1,35,20862,2,0,1,996,0
51,10605,87468,2,31,11669,2,1,0,986,0
55,9728,34594,3,31,15916,2,1,1,686,1
67,29463,470173,3,3,10878,5,1,1,767,0
51,11403,191703,3,17,2985,0,0,0,714,0
35,4520,45033,2,18,32369,1,1,0,368,2
47,10487,63133,2,34,8112,3,0,0,771,1
32,21920,466381,1,39,41235,3,0,1,403,1
44,22952,73861,0,13,18931,4,0,1,460,2
68,14380,183362,3,32,27340,2,1,0,499,1
51,6733,487247,3,13,336,2,1,0,515,1
69,29187,293894,0,33,42933,2,0,1,511,1
74,11016,488371,3,3,19363,3,1,1,807,0
55,16059,40461,2,23,45536,4,0,0,315,2
50,18201,467016,2,28,3968,0,0,1,797,0
41,3896,78222,3,18,33678,5,1,0,631,2
32,20046,112020,2,5,48400,1,0,0,850,0
47,20629,286370,2,32,16279,0,0,0,900,0
72,3091,268865,3,39,3129,3,1,1,555,1
59,12803,449370,1,18,38215,5,0,1,471,1
68,7683,20609,0,0,38897,5,0,1,948,2
34,21814,445346,2,4,5850,5,0,1,797,0
22,28072,130513,1,26,20588,2,0,0,770,1
46,2812,203981,2,15,40214,1,0,1,683,1
21,27361,104211,2,5,11949,3,0,0,989,1
27,22195,186321,0,39,8519,3,0,0,888,1
73,8814,442111,2,12,26375,5,1,0,999,0
34,20267,487689,0,34,33082,3,1,1,806,0
27,21123,398872,0,18,11737,1,0,0,826,1
34,3639,387009,0,11,1134,1,0,0,624,2
37,16188,336664,1,15,10938,4,1,1,513,1
41,19588,456956,3,9,24486,4,1,0,507,1
22,8424,326453,1,24,48356,0,1,1,468,1
51,1862,29984,3,19,26096,1,1,1,629,1
23,20488,118947,3,30,41115,1,1,1,579,0
